,C,M,F,I,L,V,W,Y,A,G,T,S,N,Q,D,E,H,R,K,P
C,-20,-20,-20,-20,-20,-20,-20,-20,-20,0,-20,-20,0,0,0,0,0,0,0,-20
M,-20,-20,-20,-20,-20,-20,-20,-20,-20,0,-20,-20,0,0,0,0,0,0,0,-20
F,-20,-20,-20,-20,-20,-20,-20,-20,-20,0,-20,-20,0,0,0,0,0,0,0,-20
I,-20,-20,-20,-20,-20,-20,-20,-20,-20,0,-20,-20,0,0,0,0,0,0,0,-20
L,-20,-20,-20,-20,-20,-20,-20,-20,-20,0,-20,-20,0,0,0,0,0,0,0,-20
V,-20,-20,-20,-20,-20,-20,-20,-20,-20,0,-20,-20,0,0,0,0,0,0,0,-20
W,-20,-20,-20,-20,-20,-20,-20,-20,-20,0,-20,-20,0,0,0,0,0,0,0,-20
Y,-20,-20,-20,-20,-20,-20,-20,-20,-20,0,-20,-20,0,0,0,0,0,0,0,-20
A,-20,-20,-20,-20,-20,-20,-20,-20,-20,0,-20,-20,0,0,0,0,0,0,0,-20
G,0,0,0,0,0,0,0,0,0,0,0,0,0,0,0,0,0,0,0,0
T,-20,-20,-20,-20,-20,-20,-20,-20,-20,0,-20,-20,0,0,0,0,0,0,0,-20
S,-20,-20,-20,-20,-20,-20,-20,-20,-20,0,-20,-20,0,0,0,0,0,0,0,-20
N,0,0,0,0,0,0,0,0,0,0,0,0,0,0,0,0,0,0,0,0
Q,0,0,0,0,0,0,0,0,0,0,0,0,0,0,0,0,0,0,0,0
D,0,0,0,0,0,0,0,0,0,0,0,0,0,0,0,0,0,0,0,0
E,0,0,0,0,0,0,0,0,0,0,0,0,0,0,0,0,0,0,0,0
H,0,0,0,0,0,0,0,0,0,0,0,0,0,0,0,0,0,0,0,0
R,0,0,0,0,0,0,0,0,0,0,0,0,0,0,0,0,0,0,0,0
K,0,0,0,0,0,0,0,0,0,0,0,0,0,0,0,0,0,0,0,0
P,-20,-20,-20,-20,-20,-20,-20,-20,-20,0,-20,-20,0,0,0,0,0,0,0,-20
